Instruction,Customer Review,Expected Target,Base Model Response,Fine-Tuned Model Response,Base Correct,Fine-Tuned Correct
"Determine whether the customer review is positive, neutral, or negative.","This wasn't in stock the last time I looked. I had to go to the Vermont Country Store in Weston to find it along with a jaw harp, Cranberry Horseradish Sauce, Fartless Black Bean Salsa, Apple Cider Jelly, Newton's Cradle Art in Motion and the staple Vermont Maple Syrup.<br /><br />Back to the Ass Kickin Peanuts. They are hot. They will activate the perspiration glands behind your ears and under your arms. It requires a beverage as advertised, a glass of very cold milk, and a box of Kleenex since it will make your nose run. They look like ordinary peanuts which is already giving me ideas for work. I suspect that some people have been hitting my goodies in my absence, especially my colleague Greg. I'm going to take this to work at earliest opportunity and empty the contents of this can into an ordinary Planters Peanuts can, and then see whose crying or whose nose is running when I return.<br /><br />The can should be shaken to ensure the spices are evenly distributed. It is important to wash your hands after consumption and not touch the eyes.<br /><br />You'll go nuts over these Ass-Kickin' Peanuts.<br /><br />P.S. I'm not sharing the peanuts, not deliberately, and I'll probably give Greg the jaw harp for Christmas. He'll be so insulted.",positive,Negative,negative,False,False
"Determine whether the customer review is positive, neutral, or negative.","I bought these for my husband who is currently overseas. He loves these, and apparently his staff likes them also.<br />There are generous amounts of Twizzlers in each 16-ounce bag, and this was well worth the price. <a href=""http://www.amazon.com/gp/product/B001GVISJM"">Twizzlers, Strawberry, 16-Ounce Bags (Pack of 6)</a>",positive,Positive,positive,True,True
"Determine whether the customer review is positive, neutral, or negative.","This is a confection that has been around a few centuries.  It is a light, pillowy citrus gelatin with nuts - in this case Filberts. And it is cut into tiny squares and then liberally coated with powdered sugar.  And it is a tiny mouthful of heaven.  Not too chewy, and very flavorful.  I highly recommend this yummy treat.  If you are familiar with the story of C.S. Lewis' ""The Lion, The Witch, and The Wardrobe"" - this is the treat that seduces Edmund into selling out his Brother and Sisters to the Witch.",positive,positive,positive,True,True
"Determine whether the customer review is positive, neutral, or negative.",I love this candy.  After weight watchers I had to cut back but still have a craving for it.,positive,positive,positive,True,True
"Determine whether the customer review is positive, neutral, or negative.",My shepherd/collie mix has IBS.  Our vet recommended a limited ingredient food.  This has really helped her symptoms and she likes it.  I will always buy it from Amazon...it's $10 cheaper and free shipping!,positive,positive,positive,True,True
"Determine whether the customer review is positive, neutral, or negative.","This is great dog food, my dog has severs allergies and this brand is the only one that we can feed him.",positive,positive,positive,True,True
"Determine whether the customer review is positive, neutral, or negative.",It is okay.  I would not go out of my way to buy it again,negative,negative,negative,True,True
"Determine whether the customer review is positive, neutral, or negative.","My dog has a ton of allergies both environmental and food. She was on a prescription dog food before we had her tested to see what allergies she has. After we got the test back, we learned she was allergic to something in the prescription brand. So I finally found this dog food and she has done so well on this! She still has her environmental triggers, but I am happy she can finally eat something I know won't cause her pain.",positive,positive,positive,True,True
"Determine whether the customer review is positive, neutral, or negative.","I know the product title says Molecular Gastronomy, but don't let that scare you off.  I have been looking for this for a while now, not for food science, but for something more down to earth.  I use it to make my own coffee creamer.<br /><br />I have to have my coffee blonde and sweet - but the flavored creamers are full of the bad kinds of fat, and honestly, I hate to use manufactured ""food"" items.  I really don't think they are good for the body.  On the other hand, I hate using cold milk or cream, because I like HOT coffee.<br /><br />I stumbled across this on Amazon one day and got the idea of making my own creamer.  I also bought low-fat (non-instant) milk powder and regular milk powder. The non-instant lowfat milk is a little sweeter and tastes fresher than regular instant low-fat milk, but does not dissolve good in cold water - which is not a problem for hot coffee.  You will have to play with the ratios - I would not do just the heavy cream, it made the coffee too rich. Also, I think the powder is too expensive to just use on it's own. I like mixing 1/3 of each together.<br /><br />For flavoring, I bough cocoa bean powder, vanilla bean powder, and caster (superfine) sugar.  I mix up small batches along with spices like cinnamon and nutmeg to make my own flavored creamers.  If you wanted, you could use a fake sweetner powder instead.  I make up small amounts that I store in jelly canning jars. I also use my little food chopper/food processor to blend everything, so the sugar is not heavier and sinks to the bottom.  Let it settle for a bit before opening the top though.<br /><br />This stuff tastes WAY better than the storebought creamers and it is fun to experiment and come up with your own flavors.  I am going to try using some essential oils next and see if I can get a good chocolate/orange mix.<br /><br />All of the ingredients I mentioned are here online.  Take the time to experiment.  Maybe you don't use any low-fat milk. Or don't add any flavorings.  It is up to you.  Also, would make great housewarming/host(ess) gifts.<br /><br />I am sure other molecular people will be able to tell you more of what you can do with it, and I am sure I will experiment with it in cooking - but the main reason I bought it was to make my own creamer and it worked out great.",positive,Negative,positive,False,True
"Determine whether the customer review is positive, neutral, or negative.","My husband is a Twizzlers addict.  We've bought these many times from Amazon because we're government employees living overseas and can't get them in the country we are assigned to.  They've always been fresh and tasty, packed well and arrive in a timely manner.",positive,positive,positive,True,True
"Determine whether the customer review is positive, neutral, or negative.","Watch your prices with this.  While the assortment was good, and I did get this on a gold box purchase, the price for this was<br />$3-4 less at Target.",neutral,negative,positive,False,False
"Determine whether the customer review is positive, neutral, or negative.","Grape gummy bears are hard to find in my area. In fact pretty much anyone I talk to about grape gummy bears they think I'm lying. So I bought 10lbs... : ) These bears are a little bit bigger then the other brands and have kind of sour kick, but nothing to strong. I love grape flavored candy/soda and these are pretty good. There is another company that makes grape gummy bears that are a little bit better in my opinion, but these are well worth it for the price. I like to use the gummy bears in home made Popsicles with flavored sports drink. The salt in the sports drink makes for softer popsicles, and the gummy bears are awesome frozen. They are delicious!",positive,positive,positive,True,True
"Determine whether the customer review is positive, neutral, or negative.",The Strawberry Twizzlers are my guilty pleasure - yummy. Six pounds will be around for a while with my son and I.,positive,positive,positive,True,True
"Determine whether the customer review is positive, neutral, or negative.",This food is great - all ages dogs.  I have a 3 year old and a puppy.  They are both so soft and hardly ever get sick.  The food is good especially when you have Amazon Prime shipping  :),positive,positive,positive,True,True
"Determine whether the customer review is positive, neutral, or negative.","Got a free package of these with a bottle of bloody mary mix I bought from the seller, and the advertising worked..lol,  I tried them, and shared them with 2 buddies, and we all loved them...  So im here to buy more, and noticed there were no reviews yet,...  well now there is.  They are Hot,  but not ""burn your mouth forever hot""  its a nice temp...  Perfect for us..",positive,positive,positive,True,True
