Prompt Variation,Customer Review,Prompt,Model Response
Scenario 1 - Basic Sentiment,I have bought several of the Vitality canned dog food products and have found them all to be of good quality. The product looks more like a stew than a processed meat and it smells better. My Labrador is finicky and she appreciates this product better than  most.,"Determine whether the customer review is positive, neutral, or negative.
Customer Review: I have bought several of the Vitality canned dog food products and have found them all to be of good quality. The product looks more like a stew than a processed meat and it smells better. My Labrador is finicky and she appreciates this product better than  most.",positive
Scenario 1 - Detailed Sentiment,I have bought several of the Vitality canned dog food products and have found them all to be of good quality. The product looks more like a stew than a processed meat and it smells better. My Labrador is finicky and she appreciates this product better than  most.,"Analyze the customer review and classify the sentiment as positive, neutral, or negative. Explain the main reason for the classification.
Customer Review: I have bought several of the Vitality canned dog food products and have found them all to be of good quality. The product looks more like a stew than a processed meat and it smells better. My Labrador is finicky and she appreciates this product better than  most.",positive
Scenario 1 - Structured Sentiment,I have bought several of the Vitality canned dog food products and have found them all to be of good quality. The product looks more like a stew than a processed meat and it smells better. My Labrador is finicky and she appreciates this product better than  most.,"Analyze the customer review and provide:
- Sentiment
- Main reason for the sentiment
- Key customer concern or positive point
Customer Review: I have bought several of the Vitality canned dog food products and have found them all to be of good quality. The product looks more like a stew than a processed meat and it smells better. My Labrador is finicky and she appreciates this product better than  most.",Positive
Scenario 2 - Basic Pain Point,I have bought several of the Vitality canned dog food products and have found them all to be of good quality. The product looks more like a stew than a processed meat and it smells better. My Labrador is finicky and she appreciates this product better than  most.,"Identify the main problem mentioned in the customer review.
Customer Review: I have bought several of the Vitality canned dog food products and have found them all to be of good quality. The product looks more like a stew than a processed meat and it smells better. My Labrador is finicky and she appreciates this product better than  most.",It smells better
Scenario 2 - Detailed Pain Point,I have bought several of the Vitality canned dog food products and have found them all to be of good quality. The product looks more like a stew than a processed meat and it smells better. My Labrador is finicky and she appreciates this product better than  most.,"Analyze the review and identify the customer's main pain point. Explain how this issue affected the customer's experience.
Customer Review: I have bought several of the Vitality canned dog food products and have found them all to be of good quality. The product looks more like a stew than a processed meat and it smells better. My Labrador is finicky and she appreciates this product better than  most.",Customer review: I have bought several of the Vitality canned dog food products and have found them all to be of good quality. The product looks more like a stew than a processed meat and it smells better. My Labrador is finicky and she appreciates this product better than most.
Scenario 2 - Structured Pain Point,I have bought several of the Vitality canned dog food products and have found them all to be of good quality. The product looks more like a stew than a processed meat and it smells better. My Labrador is finicky and she appreciates this product better than  most.,"Analyze the review and provide:
- Main pain point
- Evidence from the review
- Possible impact on customer satisfaction
Customer Review: I have bought several of the Vitality canned dog food products and have found them all to be of good quality. The product looks more like a stew than a processed meat and it smells better. My Labrador is finicky and she appreciates this product better than  most.",Main pain point
Scenario 3 - Basic Improvement,I have bought several of the Vitality canned dog food products and have found them all to be of good quality. The product looks more like a stew than a processed meat and it smells better. My Labrador is finicky and she appreciates this product better than  most.,"Suggest an improvement based on the customer review.
Customer Review: I have bought several of the Vitality canned dog food products and have found them all to be of good quality. The product looks more like a stew than a processed meat and it smells better. My Labrador is finicky and she appreciates this product better than  most.",Great product!
Scenario 3 - Detailed Improvement,I have bought several of the Vitality canned dog food products and have found them all to be of good quality. The product looks more like a stew than a processed meat and it smells better. My Labrador is finicky and she appreciates this product better than  most.,"Analyze the customer feedback and identify one specific improvement that could make the product or customer experience better.
Customer Review: I have bought several of the Vitality canned dog food products and have found them all to be of good quality. The product looks more like a stew than a processed meat and it smells better. My Labrador is finicky and she appreciates this product better than  most.",Customer rating
Scenario 3 - Market Research,I have bought several of the Vitality canned dog food products and have found them all to be of good quality. The product looks more like a stew than a processed meat and it smells better. My Labrador is finicky and she appreciates this product better than  most.,"Act as a market research analyst. Analyze the customer feedback, identify the main issue, and suggest a practical product or customer-experience improvement based only on the information provided.
Customer Review: I have bought several of the Vitality canned dog food products and have found them all to be of good quality. The product looks more like a stew than a processed meat and it smells better. My Labrador is finicky and she appreciates this product better than  most.",Customer rated Vitality as a good product.
