instruction,context,target
"Determine whether the customer review is positive, neutral, or negative.","While my dogs like all of the flavors that we have tried of this dog food, for some reason their itching increased when I tried the lamb and rice. I have some very itchy dogs and am giving them a limited ingredient dog food to try to help. The duck and sweet potato cut down on the itching significantly, but when we tried lamb and rice they started itching more once again. I like Natural Balance for the quality ingredients.",neutral
"Determine whether the customer review is positive, neutral, or negative.",we're used to spicy foods down here in south texas and these are not at all spicy.  doubt very much habanero is used at all.  could take it up a notch or two.,neutral
"Determine whether the customer review is positive, neutral, or negative.","These Albanese gummi bears and rings and so on are very good and tasty and high quality. The bears even have little faces. At my local candy store this type of gummi stuff (bears, rings, snakes, balls, worms, whatever) are about $10/lb. These twin packs of 4.5 or 5 pound bags is a screaming deal as far as I'm concerned. I'm probably 50 pounds deep in these friggin' things. Consumed!",positive
"Determine whether the customer review is positive, neutral, or negative.","This seems a little more wholesome than some of the supermarket brands, but it is somewhat mushy and doesn't have quite as much flavor either.  It didn't pass muster with my kids, so I probably won't buy it again.",neutral
"Determine whether the customer review is positive, neutral, or negative.",We really like the McCann's steel cut oats but find we don't cook it up too often.<br />This tastes much better to me than the grocery store brands and is just as convenient.<br />Anything that keeps me eating oatmeal regularly is a good thing.,positive
"Determine whether the customer review is positive, neutral, or negative.","I ordered this for my wife as it was reccomended by our daughter.  She has this almost every morning and likes all flavors.  She's happy, I'm happy!!!<br /><a href=""http://www.amazon.com/gp/product/B001EO5QW8"">McCANN'S Instant Irish Oatmeal, Variety Pack of Regular, Apples & Cinnamon, and Maple & Brown Sugar, 10-Count Boxes (Pack of 6)</a>",positive
"Determine whether the customer review is positive, neutral, or negative.",I can remember buying this candy as a kid and the quality hasn't dropped in all these years. Still a superb product you won't be disappointed with.,positive
"Determine whether the customer review is positive, neutral, or negative.",This peppermint stick is delicious and fun to eat.  My dad got me one for Christmas because he remembered me having a similar one when I was a little girl.  I'm 30 now and I love it!,positive
"Determine whether the customer review is positive, neutral, or negative.","I don't know if it's the cactus or the tequila or just the unique combination of ingredients, but the flavour of this hot sauce makes it one of a kind!  We picked up a bottle once on a trip we were on and brought it back home with us and were totally blown away!  When we realized that we simply couldn't find it anywhere in our city we were bummed.<br /><br />Now, because of the magic of the internet, we have a case of the sauce and are ecstatic because of it.<br /><br />If you love hot sauce..I mean really love hot sauce, but don't want a sauce that tastelessly burns your throat, grab a bottle of Tequila Picante Gourmet de Inclan.  Just realize that once you taste it, you will never want to use any other sauce.<br /><br />Thank you for the personal, incredible service!",positive
"Determine whether the customer review is positive, neutral, or negative.",I have bought several of the Vitality canned dog food products and have found them all to be of good quality. The product looks more like a stew than a processed meat and it smells better. My Labrador is finicky and she appreciates this product better than  most.,positive
"Determine whether the customer review is positive, neutral, or negative.","Twizzlers, Strawberry my childhood favorite candy, made in Lancaster Pennsylvania by Y & S Candies, Inc. one of the oldest confectionery Firms in the United States, now a Subsidiary of the Hershey Company, the Company was established in 1845 as Young and Smylie, they also make Apple Licorice Twists, Green Color and Blue Raspberry Licorice Twists, I like them all<br /><br />I keep it in a dry cool place because is not recommended it to put it in the fridge. According to the Guinness Book of Records, the longest Licorice Twist ever made measured 1.200 Feet (370 M) and weighted 100 Pounds (45 Kg) and was made by Y & S Candies, Inc. This Record-Breaking Twist became a Guinness World Record on July 19, 1998. This Product is Kosher! Thank You",positive
"Determine whether the customer review is positive, neutral, or negative.","I have never been a huge coffee fan. However, my mother purchased this little machine and talked me into trying the Latte Macciato. No Coffee Shop has a better one and I like most of the other products, too (as a usually non-coffee drinker!).<br />The little Dolche Guesto Machine is super easy to use and prepares a really good Coffee/Latte/Cappuccino/etc in less than a minute (if water is heated up). I would recommend the Dolce Gusto to anyone. Too good for the price and I'am getting one myself! :)",positive
"Determine whether the customer review is positive, neutral, or negative.","Buyer Beware Please! This sweetener is not for everybody.  Maltitol is an alcohol sugar and can be undigestible in the body.  You will know a short time after consuming it if you are one of the unsuspecting many who cannot digest it by the extreme intestinal bloating and cramping and massive amounts of gas a person can experience. Nausea, diarrhea & headaches can also be experienced. I learned my lesson the hard way years ago when I fell in love with the sugar-free chocolates suzanne sommers used to sell.  I thought I'd found sugar-free chocolate nirvana at first taste but the bliss was short lived when the terrible side effects of maltitol kicked in.  The discomfort was unlike anything I had ever felt before.  I blew up like a balloon and had very painful abdominal cramping.  As the symptoms passed, this too was very unpleasant.  Though hard for me to believe a low calorie sweetener could be the culprit, all symptoms were gone when I stopped eating the chocolate. My hunch it had something to do with the maltitol were unfortunately confirmed for me about a year later when I purchased some delicious sugar-free popcorn at my local market.  The taste was amazing and while I was looking at the label wondering what could possibly make this yummy, new sugarfree treat taste so good, my heart sank when I followed the little asterisk next to sugarfree sweetener* down to the very bottom of the label and read ""maltitol"" in tiny little letters! Thank goodness I'd eaten only a little. I still ended up with all the same side-effects but for a much shorter duration. Some people can use maltitol to their heart's content but others, like me, can have a bad reaction to it. In case you're like me, ... it's not you ...it's the maltitol!",negative
"Determine whether the customer review is positive, neutral, or negative.","This is a good instant oatmeal from the best oatmeal brand.  It uses cane sugar instead of high fructouse corn syrup, so not only does it have a better sweetness, but some doctors now say that this form of sugar is better for you.  Great on a cold morning when you don't have time to make McCann's Steel Cut Oats.  The apple cinnamon is the best but the maple and brown sugar or the regular are good too.  Plus they don't require doctoring to actually tell the three flavors apart.",positive
"Determine whether the customer review is positive, neutral, or negative.",I have a standard poodle and pomeranian who both do wonderful on this food. I have switched them to a different food (due to price) a couple of times and end up going right back to natural balance.,positive
"Determine whether the customer review is positive, neutral, or negative.","Great taffy at a great price.  There was a wide assortment of yummy taffy.  Delivery was very quick.  If your a taffy lover, this is a deal.",positive
"Determine whether the customer review is positive, neutral, or negative.","These looked like a perfect snack to through in with my trail mix.  Unfortunately, they arrived in a solid mass of melted chocolate.  I left them in my pantry for a few days, and when I opened them at room temperature they were still gooey.  I through them in the fridge and I've been breaking off hunks ever since.  They taste good to me, but the chocolate is all grainy after melting and then solidifying again.  I won't order them online again, but if I see them in a store I would pick them up.",positive
"Determine whether the customer review is positive, neutral, or negative.",These taste really good. I have been purchasing a different brand and these are very similar in taste and texture. I agree with the other reviewer regarding ordering in the summer. There is no insulating packaging with ice packs so they will melt in warm weather like all chocolate food items. Order in cold weather and buy enough to last!!!,positive
"Determine whether the customer review is positive, neutral, or negative.","My cats have been happily eating Felidae Platinum for more than two years. I just got a new bag and the shape of the food is different. They tried the new food when I first put it in their bowls and now the bowls sit full and the kitties will not touch the food. I've noticed similar reviews related to formula changes in the past. Unfortunately, I now need to find a new food that my cats will eat.",negative
"Determine whether the customer review is positive, neutral, or negative.","This offer is a great price and a great taste, thanks Amazon for selling this product.<br /><br />Staral",positive
"Determine whether the customer review is positive, neutral, or negative.","We roast these in a large cast iron pan on the grill (about 1/3 of the bag at a time).  The smell is wonderful and the roasted beans taste delicious too.  More importantly, the coffee is smooth; no bitter aftertaste.  On numerous occasions, we've had to send the roasted beans home with friends because they like it so much.",positive
"Determine whether the customer review is positive, neutral, or negative.",Natural Balance Dry Dog Food Lamb Meal and Brown Rice Recipe did wonders for my Jack Russell. She has awful food allergy's and this food was our last hope because it was the last food we could find that didn't have SOMETHING in it that she was allergic to. She has no problem eating it dry but normally I mix the Natural Balance Dry Lamb and Brown Rice with the Natural Balance Wet Lamb and Brown Rice.. she seems to like that better. We started feeding it to our other dog (a Bichon) too and she loves it. If your dog has allergy's or stomach issue.. or if you want your dog to eat better food-- this is it! You will see a difference in your pet.,positive
"Determine whether the customer review is positive, neutral, or negative.","The candy is just red , No flavor . Just  plan and chewy .  I would never buy them again",negative
"Determine whether the customer review is positive, neutral, or negative.",I have McCann's Oatmeal every morning and by ordering it from Amazon I am able to save almost $3.00 per box.<br />It is a great product. Tastes great and very healthy,positive
"Determine whether the customer review is positive, neutral, or negative.",this was sooooo deliscious but too bad i ate em too fast and gained 2 pds! my fault,positive
"Determine whether the customer review is positive, neutral, or negative.",My daughter loves twizzlers and this shipment of six pounds really hit the spot. It's exactly what you would expect...six packages of strawberry twizzlers.,positive
"Determine whether the customer review is positive, neutral, or negative.","The variety packs taste great!<br /><br />I have them every morning. At $0.30 cents per meal, I don't understand why everyone on earth isn't buying this stuff up.<br /><br />Maple and brown sugar is terrific, followed by apples and cinnamon, followed by regular. You don't get tired of the same ole thing, and they taste great.<br /><br />I just boil water from a small pot, empty the packet or 2 in a bowl, pour in boiling water, and watch it expand to 2x its size!<br /><br />Taste really good and takes minutes to prepare.<br /><br />Not sure why everyone on earth isn't this. Convenient, healthy, very quick, excellent quality, and extremely cheap...",positive
"Determine whether the customer review is positive, neutral, or negative.","My 1-1/2 year old basenji/jack russell mix loves this dog food. He's been noticeably healthier and more energetic since I switched him over from the standard dog foods earlier this year. Despite the higher cost of natural dog foods, I find that he eats significantly less of the Natural Balance dog foods and still stays happy and full. On the normal dog foods, he'd eat up to 3 cups of dog food a day (the recommended serving for his size), whereas he only eats about 1 cup to 1-1/2 cup of the Natural Balance dog food a day. When you take this into account, you're actually getting more ""bang for your buck"" with the natural dog foods since you don't have to buy as much to last just as long as the normal dog foods... and a healthier, happier dog, to boot! Add in the fact that you can get free, 2-day shipping with Amazon Prime... I'm sold!!",positive
"Determine whether the customer review is positive, neutral, or negative.",This is a very healthy dog food. Good for their digestion. Also good for small puppies. My dog eats her required amount at every feeding.,positive
"Determine whether the customer review is positive, neutral, or negative.","I ordered two of these and two of raspberry latice tarts directly from FantasiCakes website for a dinner party I was hosting. It arrived fresh and intact. Very good size. I froze half for later use. I am a pastry lover and these were the best I've ever tasted. The pastry was soft, the jam was really good and the taste was great. They were gone in no time. My guests were really impressed.",positive
"Determine whether the customer review is positive, neutral, or negative.","One of my boys needed to lose some weight and the other didn't.  I put this food on the floor for the chubby guy, and the protein-rich, no by-product food up higher where only my skinny boy can jump.  The higher food sits going stale.  They both really go for this food.  And my chubby boy has been losing about an ounce a week.",positive
"Determine whether the customer review is positive, neutral, or negative.","The flavors are good.  However, I do not see any differce between this and Oaker Oats brand - they are both mushy.",neutral
"Determine whether the customer review is positive, neutral, or negative.","We have three dogs and all of them love this food!  We bought it specifically for one of our dogs who has food allergies and it works great for him, no more hot spots or tummy problems.<br />I LOVE that it ships right to our door with free shipping.",positive
"Determine whether the customer review is positive, neutral, or negative.","I got this for my Mum who is not diabetic but needs to watch her sugar intake, and my father who simply chooses to limit unnecessary sugar intake - she's the one with the sweet tooth - they both LOVED these toffees, you would never guess that they're sugar-free and it's so great that you can eat them pretty much guilt free!  i was so impressed that i've ordered some for myself (w dark chocolate) to take to the office so i'll eat them instead of snacking on sugary sweets.<br />These are just EXCELLENT!",positive
"Determine whether the customer review is positive, neutral, or negative.","My golden retriever is one of the most picky dogs I've ever met.  After experimenting with various types of food, I have found she loves natural balance.  What I really like about natural balance is the fact that it has multiple flavors in dry and wet varieties.  I mix her dry food with a little wet food and my golden loves it.  Furthermore, I do like mixing up the flavors each time as I think the same meal day over day might get a little boring, so I figured why not.  I tend to stay away from the fish type though as it smells...<br /><br />Additionally, I started purchasing off Amazon because Petco didn't have the wet food box and only had a couple of cans.  I came home and to my surprise realized that I could save $20 each time I bought dog food if I just buy it off Amazon.<br /><br />All in all, I definitely recommend and give my stamp of approval to natural balance dog food.  While I have never eaten it, my dog seems to love it.",positive
"Determine whether the customer review is positive, neutral, or negative.","I got a wild hair for taffy and ordered this five pound bag. The taffy was all very enjoyable with many flavors: watermelon, root beer, melon, peppermint, grape, etc. My only complaint is there was a bit too much red/black licorice-flavored pieces (just not my particular favorites). Between me, my kids, and my husband, this lasted only two weeks! I would recommend this brand of taffy -- it was a delightful treat.",positive
"Determine whether the customer review is positive, neutral, or negative.","For those of us on a low carb diet these little tablets are just the thing.<br /><br />Two years ago I started cycling again after many years but was having heart arrhythmia after longer rides in high heat.  I was drinking plain water but did a little research and thought electrolytes might be the issue.  Gatorade wasn't an option because it is so loaded with carbohydrates so I looked around for a low-carb alternative.  The ""zero carb"" sports drinks didn't help so what to do?  One day I ran across these at my bike shop so tried a tube of them.....voila!...problem solved!!<br /><br />I've shared them with two friends in particular whose problems with leg cramps were resolved while using these.<br /><br />These guys got it right -- they are superbly formulated and simply work.....",positive
"Determine whether the customer review is positive, neutral, or negative.",This stuff really works for preventing cramping during the middle to latter stages of your rides. Pop 1 into each water bottle and you're set. Flavor is fine and goes down easy.,positive
"Determine whether the customer review is positive, neutral, or negative.","McCann's Instant Irish Oatmeal, Variety Pack of Regular, Apples & Cinnamon, and Maple & Brown Sugar, 10-Count Boxes (Pack of 6)<br /><br />I'm a fan of the McCann's steel-cut oats, so I thought I'd give the instant variety a try. I found it to be a hardy meal, not too sweet, and great for folks like me (post-bariatric surgery) who need food that is palatable, easily digestible, with fiber but won't make you bloat.",positive
"Determine whether the customer review is positive, neutral, or negative.",I love eating them and they are good for watching TV and looking at movies! It is not too sweet. I like to transfer them to a zip lock baggie so they stay fresh so I can take my time eating them.,negative
"Determine whether the customer review is positive, neutral, or negative.",This is the same stuff you can buy at the big box stores.  There is nothing healthy about it.  It is just carbs and sugars.  Save your money and get something that at least has some taste.,neutral
"Determine whether the customer review is positive, neutral, or negative.","Instant oatmeal can become soggy the minute the water hits the bowl. McCann's Instant Oatmeal holds its texture, has excellent flavor, and is good for you all at the same time. McCann's regular oat meal is excellent, too, but may take a bit longer to prepare than most have time for in the morning. This is the best instant brand I've ever eaten, and a very close second to the non-instant variety.<br /><br />McCann's Instant Irish Oatmeal, Variety Pack of Regular, Apples & Cinnamon, and Maple & Brown Sugar, 10-Count Boxes (Pack of 6)",positive
"Determine whether the customer review is positive, neutral, or negative.",This taffy is so good.  It is very soft and chewy.  The flavors are amazing.  I would definitely recommend you buying it.  Very satisfying!!,positive
"Determine whether the customer review is positive, neutral, or negative.",I've been very pleased with the Natural Balance dog food. Our dogs have had issues with other dog foods in the past and I had someone recommend Natural Balance grain free since it is possible they were allergic to grains. Since switching I haven't had any issues. It is also helpful that have have different kibble size for larger/smaller sized dogs.,positive
"Determine whether the customer review is positive, neutral, or negative.",I was so glad Amazon carried these batteries.  I have a hard time finding them elsewhere because they are such a unique size.  I need them for my garage door opener.<br />Great deal for the price.,positive
"Determine whether the customer review is positive, neutral, or negative.",Candy was delivered very fast and was purchased at a reasonable price.  I was home bound and unable to get to a store so this was perfect for me.,positive
"Determine whether the customer review is positive, neutral, or negative.","Great gift for all ages! I purchased these giant canes before and the recipients loved them so much, they kept them and would not eat them.",positive
"Determine whether the customer review is positive, neutral, or negative.","Product received is as advertised.<br /><br /><a href=""http://www.amazon.com/gp/product/B001GVISJM"">Twizzlers, Strawberry, 16-Ounce Bags (Pack of 6)</a>",positive
"Determine whether the customer review is positive, neutral, or negative.",Arrived in 6 days and were so stale i could not eat any of the 6 bags!!,negative
"Determine whether the customer review is positive, neutral, or negative.",good flavor! these came securely packed... they were fresh and delicious! i love these Twizzlers!,positive
"Determine whether the customer review is positive, neutral, or negative.","I have lived out of the US for over 7 yrs now, and I so miss my Twizzlers!!  When I go back to visit or someone visits me, I always stock up.  All I can say is YUM!<br />Sell these in Mexico and you will have a faithful buyer, more often than I'm able to buy them right now.",positive
"Determine whether the customer review is positive, neutral, or negative.",If you are looking for the secret ingredient in Robitussin I believe I have found it.  I got this in addition to the Root Beer Extract I ordered (which was good) and made some cherry soda.  The flavor is very medicinal.,negative
"Determine whether the customer review is positive, neutral, or negative.",I am very satisfied with my Twizzler purchase.  I shared these with others and we have all enjoyed them.  I will definitely be ordering more.,positive
"Determine whether the customer review is positive, neutral, or negative.","I WAS VISITING MY FRIEND NATE THE OTHER MORNING FOR COFFEE , HE CAME OUT OF HIS STORAGE ROOM WITH ( A PACKET OF McCANNS INSTANT IRISH OATMEAL .) HE SUGGESTED THAT I TRY IT FOR MY OWN USE ,IN MY STASH . SOMETIMES NATE DOSE NOT GIVE YOU A CHANCE TO SAY NO , SO I ENDED UP TRYING THE APPLE AND CINN . FOUND IT TO BE VERY TASTEFULL WHEN MADE WITH WATER OR POWDERED MILK . IT GOES GOOD WITH O.J. AND COFFEE AND A SLICE OF TOAST AND YOUR READY TO TAKE ON THE WORLD...OR THE DAY AT LEAST..  JERRY REITH...",positive
"Determine whether the customer review is positive, neutral, or negative.",Right now I'm mostly just sprouting this so my cats can eat the grass. They love it. I rotate it around with Wheatgrass and Rye too,positive
"Determine whether the customer review is positive, neutral, or negative.","The taste was great, but the berries had melted.  May order again in winter. If you order in cold weather you should enjoy flavor.",neutral
"Determine whether the customer review is positive, neutral, or negative.","This saltwater taffy had great flavors and was very soft and chewy.  Each candy was individually wrapped well.  None of the candies were stuck together, which did happen in the expensive version, Fralinger's.  Would highly recommend this candy!  I served it at a beach-themed party and everyone loved it!",positive
"Determine whether the customer review is positive, neutral, or negative.",This product serves me well as a source of electrolytes during and after a long run or bike ride.<br />I have tried all of the flavors but really do like the grapefruit flavor... no after-taste and I actually like the slight carbonation.<br />I use other Hammer products and really like their whole product line.,positive
"Determine whether the customer review is positive, neutral, or negative.","For those of us with celiac disease this product is a lifesaver and what could be better than getting it at almost half the price of the grocery or health food store!  I love McCann's instant oatmeal - all flavors!!!<br /><br />Thanks,<br />Abby",positive
"Determine whether the customer review is positive, neutral, or negative.","Great food! I love the idea of one food for all ages & breeds. Ît's a real convenience as well as a really good product.  My 3 dogs eat less, have almost no gas, their poop is regular and a perfect consistency, what else can a mom ask for!!",positive
"Determine whether the customer review is positive, neutral, or negative.",Deal was awesome!  Arrived before Halloween as indicated and was enough to satisfy trick or treaters.  I love the quality of this product and it was much less expensive than the local store's candy.,positive
"Determine whether the customer review is positive, neutral, or negative.","I fed this to my Golden Retriever and he hated it.  He wouldn't eat it, and when he did, it gave him terrible diarrhea.  We will not be buying this again.  It's also super expensive.",negative
"Determine whether the customer review is positive, neutral, or negative.","I roast at home with a stove-top popcorn popper (but I do it outside, of course). These beans (Coffee Bean Direct Green Mexican Altura) seem to be well-suited for this method. The first and second cracks are distinct, and I've roasted the beans from medium to slightly dark with great results every time. The aroma is strong and persistent. The taste is smooth, velvety, yet lively.",positive
"Determine whether the customer review is positive, neutral, or negative.","McCann's Oatmeal is a good quality choice.  Our favorite is the Apples and Cinnamon, but we find that none of these are overly sugary.  For a good hot breakfast in 2 minutes, this is excellent.",positive
"Determine whether the customer review is positive, neutral, or negative.","This oatmeal is not good. Its mushy, soft, I don't like it. Quaker Oats is the way to go.",negative
"Determine whether the customer review is positive, neutral, or negative.","I purchased the Mango flavor, and to me it doesn't take like Mango at all.  There is no hint of sweetness, and unfortunately there is a hint or aftertaste almost like licorice.  I've been consuming various sports nutrition products for decades, so I'm familiar and have come to like the taste of the most of the products I've tried.  The mango flavor is one of the least appealing I've tasted.  It's not terrible, but it's bad enough that I notice the bad taste every sip I take.",negative
"Determine whether the customer review is positive, neutral, or negative.",Good oatmeal.  I like the apple cinnamon the best.  Though I wouldn't follow the directions on the package since it always comes out too soupy for my taste.  That could just be me since I like my oatmeal really thick to add some milk on top of.,positive
"Determine whether the customer review is positive, neutral, or negative.","If you're impulsive like me, then $6 is ok. Don't get me wrong, the quality of these babies is very good and I have no complaints. But in retrospect, the price is a little ridiculous (esp. when you add on the shipping).",neutral
"Determine whether the customer review is positive, neutral, or negative.","This bag of candy online is pretty expensive, it should be cheaper in order to compete with grocery stores, other than that, its a good combination of my favorite candy",positive
"Determine whether the customer review is positive, neutral, or negative.",Our pup has experienced allergies in forms of hotspots and itching from other dog foods. The cheap 'you can buy it anywhere' food not only have crazy preservatives in them but can cause health problems for your pets.  This food works wonders on reducing allergies and our dog loves the food.<br />This message is RAMSEY FrAnkenSteiN approved.,positive
